threshold,hit_rate,brier,p_l,signals,coverage,return_per_signal
0.5,0.95,0.103291,11.786171,20,0.3704,0.589309
1.0,0.95,0.103291,11.786171,20,0.3704,0.589309
1.5,0.95,0.103291,11.786171,20,0.3704,0.589309
2.0,0.9286,0.131645,8.853059,14,0.2593,0.632361
2.5,1.0,0.072864,2.486497,3,0.0556,0.828832
