domain,hit_rate,brier,p_l,signals,coverage,share
cs2,0.5,0.17245,0.105263,2,0.1053,0.0541
btc,0.4583,0.250215,-2.0,24,1.0,0.6486
weather,1.0,0.027911,5.57045,11,1.0,0.2973
