threshold,hit_rate,brier,p_l,signals,coverage
0.25,0.5,0.186467,-1.144935,13,0.5909
0.5,0.75,0.199476,2.855065,9,0.4091
0.75,0.5,0.317003,-0.360656,2,0.0909
1.0,,,0.0,0,0.0
