threshold,hit_rate,brier,p_l,signals,coverage
0.25,1.0,0.066924,9.786171,16,0.2963
0.5,1.0,0.071181,8.823208,14,0.2593
0.75,1.0,0.113924,5.596955,7,0.1296
1.0,,,0.0,0,0.0
