method,hit_rate,brier,p_l,signals,coverage
market_only,0.8661,0.073393,-14.13207,381,0.6546
data_only,0.2416,0.152059,-172.705154,269,0.4622
news_only,1.0,0.247506,1.0,1,0.0017
data_news,0.2444,0.152413,-171.705154,270,0.4639
proposed_agent,0.3932,0.328836,-46.759052,117,0.201
