domain,hit_rate,brier,p_l,signals,coverage,share
cs2,0.5,0.17245,0.105263,2,0.1053,0.08
btc,0.6667,0.249173,4.0,12,0.5,0.48
weather,1.0,0.027911,5.57045,11,1.0,0.44
