method,hit_rate,brier,p_l,signals,coverage
market_only,0.6,0.225582,3.132816,35,0.7609
data_only,0.7,0.1835,1.883217,10,0.2174
news_only,0.4583,0.250215,-2.0,24,0.5217
data_news,0.5294,0.230593,-0.116783,34,0.7391
proposed_agent,0.4483,0.243783,-3.501979,29,0.6304
