domain,hit_rate,brier,p_l,signals,coverage,share
cs2,0.5,0.16036,-0.784279,10,0.5263,0.0714
btc,0.4583,0.250215,-2.0,24,1.0,0.1714
weather,0.3774,0.345498,-46.974772,106,0.1886,0.7571
