threshold,hit_rate,brier,p_l,signals,coverage
0.25,0.3879,0.329537,-47.759052,116,0.1993
0.5,0.8,0.168796,4.287572,10,0.0172
0.75,,,0.0,0,0.0
1.0,,,0.0,0,0.0
