threshold,hit_rate,brier,p_l,signals,coverage
0.25,0.4706,0.196755,-4.470404,17,0.2931
0.5,0.4706,0.196755,-4.470404,17,0.2931
0.75,0.6667,0.292457,0.79588,3,0.0517
1.0,,,0.0,0,0.0
