domain,hit_rate,brier,p_l,signals,coverage,share
cs2,1.0,0.152755,4.215721,5,0.2632,0.1786
btc,0.6667,0.249173,4.0,12,0.5,0.4286
weather,1.0,0.027911,5.57045,11,1.0,0.3929
