domain,hit_rate,brier,p_l,signals,coverage,share
cs2,0.5,0.16036,-0.784279,10,0.5263,0.7692
btc,,,0.0,1,1.0,0.0769
weather,0.5,0.317003,-0.360656,2,1.0,0.1538
