threshold,hit_rate,brier,p_l,signals,coverage
0.25,0.9231,0.050147,5.675713,13,0.2407
0.5,0.9091,0.052514,4.71275,11,0.2037
0.75,1.0,0.072864,2.486497,3,0.0556
1.0,,,0.0,0,0.0
