method,hit_rate,brier,p_l,signals,coverage
market_only,0.6279,0.216488,4.164391,43,0.7414
data_only,0.5909,0.187059,-1.085208,22,0.3793
news_only,0.4583,0.250215,-2.0,24,0.4138
data_news,0.5217,0.22001,-3.085208,46,0.7931
proposed_agent,0.4634,0.228049,-6.470404,41,0.7069
