method,hit_rate,brier,p_l,signals,coverage
market_only,0.7045,0.195506,9.310508,44,0.8148
data_only,0.9444,0.07902,9.06091,18,0.3333
news_only,0.4583,0.250215,-2.0,24,0.4444
data_news,0.6667,0.176846,7.06091,42,0.7778
proposed_agent,0.6216,0.179921,3.675713,37,0.6852
