domain,hit_rate,brier,p_l,signals,coverage,share
cs2,0.5,0.16036,-0.784279,10,0.5263,0.0855
btc,,,0.0,1,1.0,0.0085
weather,0.3333,0.239883,-1.607242,106,0.1886,0.906
