domain,hit_rate,brier,p_l,signals,coverage,share
cs2,0.5,0.17245,0.105263,2,0.1053,0.069
btc,0.4583,0.250215,-2.0,24,1.0,0.8276
weather,0.3333,0.239883,-1.607242,3,1.0,0.1034
