method,hit_rate,brier,p_l,signals,coverage
market_only,0.8416,0.083447,-17.13207,404,0.6678
data_only,0.2416,0.152059,-172.705154,269,0.4446
news_only,0.4583,0.250215,-2.0,24,0.0397
data_news,0.2594,0.160099,-174.705154,293,0.4843
proposed_agent,0.4,0.315939,-49.759052,140,0.2314
