domain,hit_rate,brier,p_l,signals,coverage,share
cs2,0.5,0.17245,0.105263,2,0.1053,0.0488
btc,0.4583,0.250215,-2.0,24,1.0,0.5854
weather,0.4667,0.199996,-4.575667,15,1.0,0.3659
