method,hit_rate,brier,p_l,signals,coverage
market_only,0.875,0.175071,15.310508,32,0.5926
data_only,0.9444,0.07902,9.06091,18,0.3333
news_only,0.6667,0.249173,4.0,12,0.2222
data_news,0.8333,0.147081,13.06091,30,0.5556
proposed_agent,0.8,0.14568,9.675713,25,0.463
