threshold,hit_rate,brier,p_l,signals,coverage
0.25,0.4286,0.162687,-2.009442,7,0.1458
0.5,0.4286,0.162687,-2.009442,7,0.1458
0.75,1.0,0.1849,1.105263,1,0.0208
1.0,,,0.0,0,0.0
