threshold,hit_rate,brier,p_l,signals,coverage
0.25,0.3879,0.329537,-47.759052,116,0.1917
0.5,0.3238,0.36017,-53.055348,105,0.1736
0.75,0.8,0.168796,4.287572,10,0.0165
1.0,,,0.0,0,0.0
