threshold,hit_rate,brier,p_l,signals,coverage
0.25,0.4,0.21291,-1.501979,5,0.1087
0.5,0.4,0.21291,-1.501979,5,0.1087
0.75,1.0,0.1849,1.105263,1,0.0217
1.0,,,0.0,0,0.0
